AuthAccountId,PasswordHash,UserId
1,$2y$10$FvhE/RIh5WAvzsydAj0mte8U6e3dDogK6SP.dY/PuvuG6E9k3KvWS,1
2,$2y$10$FvhE/RIh5WAvzsydAj0mte8U6e3dDogK6SP.dY/PuvuG6E9k3KvWS,2
3,$2y$10$FvhE/RIh5WAvzsydAj0mte8U6e3dDogK6SP.dY/PuvuG6E9k3KvWS,3
4,$2y$10$FvhE/RIh5WAvzsydAj0mte8U6e3dDogK6SP.dY/PuvuG6E9k3KvWS,4
5,$2y$10$FvhE/RIh5WAvzsydAj0mte8U6e3dDogK6SP.dY/PuvuG6E9k3KvWS,5
6,$2y$10$FvhE/RIh5WAvzsydAj0mte8U6e3dDogK6SP.dY/PuvuG6E9k3KvWS,6
7,$2y$10$FvhE/RIh5WAvzsydAj0mte8U6e3dDogK6SP.dY/PuvuG6E9k3KvWS,7
8,$2y$10$FvhE/RIh5WAvzsydAj0mte8U6e3dDogK6SP.dY/PuvuG6E9k3KvWS,8
9,$2y$10$FvhE/RIh5WAvzsydAj0mte8U6e3dDogK6SP.dY/PuvuG6E9k3KvWS,9
10,$2y$10$FvhE/RIh5WAvzsydAj0mte8U6e3dDogK6SP.dY/PuvuG6E9k3KvWS,10
11,$2y$10$FvhE/RIh5WAvzsydAj0mte8U6e3dDogK6SP.dY/PuvuG6E9k3KvWS,11
12,$2y$10$FvhE/RIh5WAvzsydAj0mte8U6e3dDogK6SP.dY/PuvuG6E9k3KvWS,12
13,$2y$10$FvhE/RIh5WAvzsydAj0mte8U6e3dDogK6SP.dY/PuvuG6E9k3KvWS,13
14,$2y$10$FvhE/RIh5WAvzsydAj0mte8U6e3dDogK6SP.dY/PuvuG6E9k3KvWS,14
15,$2y$10$FvhE/RIh5WAvzsydAj0mte8U6e3dDogK6SP.dY/PuvuG6E9k3KvWS,15
16,$2y$10$FvhE/RIh5WAvzsydAj0mte8U6e3dDogK6SP.dY/PuvuG6E9k3KvWS,16
17,$2y$10$FvhE/RIh5WAvzsydAj0mte8U6e3dDogK6SP.dY/PuvuG6E9k3KvWS,17
18,$2y$10$FvhE/RIh5WAvzsydAj0mte8U6e3dDogK6SP.dY/PuvuG6E9k3KvWS,18
19,$2y$10$FvhE/RIh5WAvzsydAj0mte8U6e3dDogK6SP.dY/PuvuG6E9k3KvWS,19
20,$2y$10$FvhE/RIh5WAvzsydAj0mte8U6e3dDogK6SP.dY/PuvuG6E9k3KvWS,20
21,$2y$10$FvhE/RIh5WAvzsydAj0mte8U6e3dDogK6SP.dY/PuvuG6E9k3KvWS,21
22,$2y$10$FvhE/RIh5WAvzsydAj0mte8U6e3dDogK6SP.dY/PuvuG6E9k3KvWS,22
23,$2y$10$FvhE/RIh5WAvzsydAj0mte8U6e3dDogK6SP.dY/PuvuG6E9k3KvWS,23
24,$2y$10$FvhE/RIh5WAvzsydAj0mte8U6e3dDogK6SP.dY/PuvuG6E9k3KvWS,24
25,$2y$10$FvhE/RIh5WAvzsydAj0mte8U6e3dDogK6SP.dY/PuvuG6E9k3KvWS,25
26,$2y$10$FvhE/RIh5WAvzsydAj0mte8U6e3dDogK6SP.dY/PuvuG6E9k3KvWS,26
27,$2y$10$FvhE/RIh5WAvzsydAj0mte8U6e3dDogK6SP.dY/PuvuG6E9k3KvWS,27
28,$2y$10$FvhE/RIh5WAvzsydAj0mte8U6e3dDogK6SP.dY/PuvuG6E9k3KvWS,28
29,$2y$10$FvhE/RIh5WAvzsydAj0mte8U6e3dDogK6SP.dY/PuvuG6E9k3KvWS,29
30,$2y$10$FvhE/RIh5WAvzsydAj0mte8U6e3dDogK6SP.dY/PuvuG6E9k3KvWS,30
31,$2y$10$FvhE/RIh5WAvzsydAj0mte8U6e3dDogK6SP.dY/PuvuG6E9k3KvWS,31
32,$2y$10$FvhE/RIh5WAvzsydAj0mte8U6e3dDogK6SP.dY/PuvuG6E9k3KvWS,32
33,$2y$10$FvhE/RIh5WAvzsydAj0mte8U6e3dDogK6SP.dY/PuvuG6E9k3KvWS,33
34,$2y$10$FvhE/RIh5WAvzsydAj0mte8U6e3dDogK6SP.dY/PuvuG6E9k3KvWS,34
35,$2y$10$FvhE/RIh5WAvzsydAj0mte8U6e3dDogK6SP.dY/PuvuG6E9k3KvWS,35
36,$2y$10$FvhE/RIh5WAvzsydAj0mte8U6e3dDogK6SP.dY/PuvuG6E9k3KvWS,36
37,$2y$10$FvhE/RIh5WAvzsydAj0mte8U6e3dDogK6SP.dY/PuvuG6E9k3KvWS,37
38,$2y$10$FvhE/RIh5WAvzsydAj0mte8U6e3dDogK6SP.dY/PuvuG6E9k3KvWS,38
39,$2y$10$FvhE/RIh5WAvzsydAj0mte8U6e3dDogK6SP.dY/PuvuG6E9k3KvWS,39
40,$2y$10$FvhE/RIh5WAvzsydAj0mte8U6e3dDogK6SP.dY/PuvuG6E9k3KvWS,40
41,$2y$10$FvhE/RIh5WAvzsydAj0mte8U6e3dDogK6SP.dY/PuvuG6E9k3KvWS,41
42,$2y$10$FvhE/RIh5WAvzsydAj0mte8U6e3dDogK6SP.dY/PuvuG6E9k3KvWS,42
43,$2y$10$FvhE/RIh5WAvzsydAj0mte8U6e3dDogK6SP.dY/PuvuG6E9k3KvWS,43
44,$2y$10$FvhE/RIh5WAvzsydAj0mte8U6e3dDogK6SP.dY/PuvuG6E9k3KvWS,44
45,$2y$10$FvhE/RIh5WAvzsydAj0mte8U6e3dDogK6SP.dY/PuvuG6E9k3KvWS,45
46,$2y$10$FvhE/RIh5WAvzsydAj0mte8U6e3dDogK6SP.dY/PuvuG6E9k3KvWS,46
47,$2y$10$FvhE/RIh5WAvzsydAj0mte8U6e3dDogK6SP.dY/PuvuG6E9k3KvWS,47
48,$2y$10$FvhE/RIh5WAvzsydAj0mte8U6e3dDogK6SP.dY/PuvuG6E9k3KvWS,48
49,$2y$10$FvhE/RIh5WAvzsydAj0mte8U6e3dDogK6SP.dY/PuvuG6E9k3KvWS,49
50,$2y$10$FvhE/RIh5WAvzsydAj0mte8U6e3dDogK6SP.dY/PuvuG6E9k3KvWS,50
51,$2y$10$FvhE/RIh5WAvzsydAj0mte8U6e3dDogK6SP.dY/PuvuG6E9k3KvWS,51
52,$2y$10$FvhE/RIh5WAvzsydAj0mte8U6e3dDogK6SP.dY/PuvuG6E9k3KvWS,52
53,$2y$10$FvhE/RIh5WAvzsydAj0mte8U6e3dDogK6SP.dY/PuvuG6E9k3KvWS,53
54,$2y$10$FvhE/RIh5WAvzsydAj0mte8U6e3dDogK6SP.dY/PuvuG6E9k3KvWS,54
55,$2y$10$FvhE/RIh5WAvzsydAj0mte8U6e3dDogK6SP.dY/PuvuG6E9k3KvWS,55
56,$2y$10$FvhE/RIh5WAvzsydAj0mte8U6e3dDogK6SP.dY/PuvuG6E9k3KvWS,56
57,$2y$10$FvhE/RIh5WAvzsydAj0mte8U6e3dDogK6SP.dY/PuvuG6E9k3KvWS,57
58,$2y$10$FvhE/RIh5WAvzsydAj0mte8U6e3dDogK6SP.dY/PuvuG6E9k3KvWS,58
59,$2y$10$FvhE/RIh5WAvzsydAj0mte8U6e3dDogK6SP.dY/PuvuG6E9k3KvWS,59
60,$2y$10$FvhE/RIh5WAvzsydAj0mte8U6e3dDogK6SP.dY/PuvuG6E9k3KvWS,60
61,$2y$10$FvhE/RIh5WAvzsydAj0mte8U6e3dDogK6SP.dY/PuvuG6E9k3KvWS,61
62,$2y$10$FvhE/RIh5WAvzsydAj0mte8U6e3dDogK6SP.dY/PuvuG6E9k3KvWS,62
63,$2y$10$FvhE/RIh5WAvzsydAj0mte8U6e3dDogK6SP.dY/PuvuG6E9k3KvWS,63
64,$2y$10$FvhE/RIh5WAvzsydAj0mte8U6e3dDogK6SP.dY/PuvuG6E9k3KvWS,64
65,$2y$10$FvhE/RIh5WAvzsydAj0mte8U6e3dDogK6SP.dY/PuvuG6E9k3KvWS,65
66,$2y$10$FvhE/RIh5WAvzsydAj0mte8U6e3dDogK6SP.dY/PuvuG6E9k3KvWS,66
67,$2y$10$FvhE/RIh5WAvzsydAj0mte8U6e3dDogK6SP.dY/PuvuG6E9k3KvWS,67
68,$2y$10$FvhE/RIh5WAvzsydAj0mte8U6e3dDogK6SP.dY/PuvuG6E9k3KvWS,68
69,$2y$10$FvhE/RIh5WAvzsydAj0mte8U6e3dDogK6SP.dY/PuvuG6E9k3KvWS,69
70,$2y$10$FvhE/RIh5WAvzsydAj0mte8U6e3dDogK6SP.dY/PuvuG6E9k3KvWS,70
71,$2y$10$FvhE/RIh5WAvzsydAj0mte8U6e3dDogK6SP.dY/PuvuG6E9k3KvWS,71
72,$2y$10$FvhE/RIh5WAvzsydAj0mte8U6e3dDogK6SP.dY/PuvuG6E9k3KvWS,72
73,$2y$10$FvhE/RIh5WAvzsydAj0mte8U6e3dDogK6SP.dY/PuvuG6E9k3KvWS,73
74,$2y$10$FvhE/RIh5WAvzsydAj0mte8U6e3dDogK6SP.dY/PuvuG6E9k3KvWS,74
75,$2y$10$FvhE/RIh5WAvzsydAj0mte8U6e3dDogK6SP.dY/PuvuG6E9k3KvWS,75
76,$2y$10$FvhE/RIh5WAvzsydAj0mte8U6e3dDogK6SP.dY/PuvuG6E9k3KvWS,76
77,$2y$10$FvhE/RIh5WAvzsydAj0mte8U6e3dDogK6SP.dY/PuvuG6E9k3KvWS,77
78,$2y$10$FvhE/RIh5WAvzsydAj0mte8U6e3dDogK6SP.dY/PuvuG6E9k3KvWS,78
79,$2y$10$FvhE/RIh5WAvzsydAj0mte8U6e3dDogK6SP.dY/PuvuG6E9k3KvWS,79
80,$2y$10$FvhE/RIh5WAvzsydAj0mte8U6e3dDogK6SP.dY/PuvuG6E9k3KvWS,80
81,$2y$10$FvhE/RIh5WAvzsydAj0mte8U6e3dDogK6SP.dY/PuvuG6E9k3KvWS,81
82,$2y$10$FvhE/RIh5WAvzsydAj0mte8U6e3dDogK6SP.dY/PuvuG6E9k3KvWS,82
83,$2y$10$FvhE/RIh5WAvzsydAj0mte8U6e3dDogK6SP.dY/PuvuG6E9k3KvWS,83
84,$2y$10$FvhE/RIh5WAvzsydAj0mte8U6e3dDogK6SP.dY/PuvuG6E9k3KvWS,84
85,$2y$10$FvhE/RIh5WAvzsydAj0mte8U6e3dDogK6SP.dY/PuvuG6E9k3KvWS,85
86,$2y$10$FvhE/RIh5WAvzsydAj0mte8U6e3dDogK6SP.dY/PuvuG6E9k3KvWS,86
87,$2y$10$FvhE/RIh5WAvzsydAj0mte8U6e3dDogK6SP.dY/PuvuG6E9k3KvWS,87
88,$2y$10$FvhE/RIh5WAvzsydAj0mte8U6e3dDogK6SP.dY/PuvuG6E9k3KvWS,88
89,$2y$10$FvhE/RIh5WAvzsydAj0mte8U6e3dDogK6SP.dY/PuvuG6E9k3KvWS,89
90,$2y$10$FvhE/RIh5WAvzsydAj0mte8U6e3dDogK6SP.dY/PuvuG6E9k3KvWS,90
91,$2y$10$FvhE/RIh5WAvzsydAj0mte8U6e3dDogK6SP.dY/PuvuG6E9k3KvWS,91
92,$2y$10$FvhE/RIh5WAvzsydAj0mte8U6e3dDogK6SP.dY/PuvuG6E9k3KvWS,92
93,$2y$10$FvhE/RIh5WAvzsydAj0mte8U6e3dDogK6SP.dY/PuvuG6E9k3KvWS,93
94,$2y$10$FvhE/RIh5WAvzsydAj0mte8U6e3dDogK6SP.dY/PuvuG6E9k3KvWS,94
95,$2y$10$FvhE/RIh5WAvzsydAj0mte8U6e3dDogK6SP.dY/PuvuG6E9k3KvWS,95
96,$2y$10$FvhE/RIh5WAvzsydAj0mte8U6e3dDogK6SP.dY/PuvuG6E9k3KvWS,96
97,$2y$10$FvhE/RIh5WAvzsydAj0mte8U6e3dDogK6SP.dY/PuvuG6E9k3KvWS,97
98,$2y$10$FvhE/RIh5WAvzsydAj0mte8U6e3dDogK6SP.dY/PuvuG6E9k3KvWS,98
99,$2y$10$FvhE/RIh5WAvzsydAj0mte8U6e3dDogK6SP.dY/PuvuG6E9k3KvWS,99
100,$2y$10$FvhE/RIh5WAvzsydAj0mte8U6e3dDogK6SP.dY/PuvuG6E9k3KvWS,100
101,$2y$10$FvhE/RIh5WAvzsydAj0mte8U6e3dDogK6SP.dY/PuvuG6E9k3KvWS,101
102,$2y$10$FvhE/RIh5WAvzsydAj0mte8U6e3dDogK6SP.dY/PuvuG6E9k3KvWS,102
103,$2y$10$FvhE/RIh5WAvzsydAj0mte8U6e3dDogK6SP.dY/PuvuG6E9k3KvWS,103
104,$2y$10$FvhE/RIh5WAvzsydAj0mte8U6e3dDogK6SP.dY/PuvuG6E9k3KvWS,104
105,$2y$10$FvhE/RIh5WAvzsydAj0mte8U6e3dDogK6SP.dY/PuvuG6E9k3KvWS,105
106,$2y$10$FvhE/RIh5WAvzsydAj0mte8U6e3dDogK6SP.dY/PuvuG6E9k3KvWS,106
107,$2y$10$FvhE/RIh5WAvzsydAj0mte8U6e3dDogK6SP.dY/PuvuG6E9k3KvWS,107
108,$2y$10$FvhE/RIh5WAvzsydAj0mte8U6e3dDogK6SP.dY/PuvuG6E9k3KvWS,108
